region_code,name,year,EQIregionN2,nuts_level,nuts0,nuts1,nuts2,cname,eqi21_n2,eqi21_n2_lowME,eqi21_n2_highME,qualityp21_n2,impartialityp21_n2,corruptionp21_n2
AT11,Burgenland (AT),2021,401,2,AT,AT1,AT11,Austria,.826,.668967,.9830329999999999,.77,1.01,.606
AT12,Niederösterreich,2021,402,2,AT,AT1,AT12,Austria,1.023,.8938769999999999,1.152123,.8100000000000001,1.416,.728
AT13,Wien,2021,403,2,AT,AT1,AT13,Austria,.572,.3845799999999999,.75942,.349,.858,.444
AT21,Kärnten,2021,404,2,AT,AT2,AT21,Austria,.747,.590955,.903045,.51,1.073,.576
AT22,Steiermark,2021,405,2,AT,AT2,AT22,Austria,.9340000000000001,.8397410000000001,1.028259,.657,1.501,.54
AT31,Oberösterreich,2021,406,2,AT,AT3,AT31,Austria,.846,.7013969999999999,.990603,.549,1.288,.609
AT32,Salzburg,2021,407,2,AT,AT3,AT32,Austria,.898,.750536,1.045464,.838,1.255,.502
AT33,Tirol,2021,408,2,AT,AT3,AT33,Austria,.865,.686017,1.043983,.9399999999999999,.9389999999999999,.621
AT34,Vorarlberg,2021,409,2,AT,AT3,AT34,Austria,.95,.708714,1.191286,1.094,.989,.661
BE10,Region Brussels,2021,1101,2,BE,BE1,BE10,Belgium,-.218,-.518527,.082527,-.29,-.157,-.182
BE21,Antwerpen,2021,1111,2,BE,BE2,BE21,Belgium,.478,.153449,.802551,.391,.411,.579
BE22,Limburg (BE),2021,1112,2,BE,BE2,BE22,Belgium,.739,.451199,1.026801,.443,.92,.771
BE23,Oost-Vlaanderen,2021,1113,2,BE,BE2,BE23,Belgium,.679,.275555,1.082445,.451,.643,.867
BE24,Vlaams-Brabant,2021,1114,2,BE,BE2,BE24,Belgium,.5570000000000001,.2524540000000001,.861546,.471,.297,.841
BE25,West-Vlaanderen,2021,1115,2,BE,BE2,BE25,Belgium,.745,.353999,1.136001,.736,.555,.86
BE31,Brabant Wallon,2021,1121,2,BE,BE3,BE31,Belgium,.459,.160079,.7579210000000001,.239,.237,.85
BE32,Hainaut,2021,1122,2,BE,BE3,BE32,Belgium,.122,-.078713,.322713,-.254,.264,.343
BE33,Liège,2021,1123,2,BE,BE3,BE33,Belgium,.154,-.077615,.385615,-.095,.117,.423
BE34,Luxembourg (BE),2021,1124,2,BE,BE3,BE34,Belgium,.513,.338499,.687501,-.074,.655,.901
BE35,Namur,2021,1125,2,BE,BE3,BE35,Belgium,.492,.293487,.6905129999999999,-.002,.655,.769
BG31,Severozapaden,2021,1701,2,BG,BG3,BG31,Bulgaria,-1.724,-2.056734,-1.391266,-1.87,-2.044,-1.066
BG32,Severen tsentralen,2021,1702,2,BG,BG3,BG32,Bulgaria,-1.363,-1.693575,-1.032425,-1.468,-1.509,-.963
BG33,Severoiztochen,2021,1703,2,BG,BG3,BG33,Bulgaria,-1.728,-1.9864,-1.4696,-1.335,-1.98,-1.677
BG34,Yugoiztochen,2021,1704,2,BG,BG3,BG34,Bulgaria,-1.527,-1.848085,-1.205915,-1.146,-1.724,-1.543
BG41,Yugozapaden,2021,1705,2,BG,BG4,BG41,Bulgaria,-1.945,-2.316136,-1.573864,-1.793,-1.662,-2.165
BG42,Yuzhen tsentralen,2021,1706,2,BG,BG4,BG42,Bulgaria,-1.305,-1.635115,-.974885,-1.325,-1.374,-1.071
CY,Cyprus,2021,2801,0,CY,,,Cyprus,-.439,-.946197,.068197,-.122,-.5570000000000001,-.59
CZ01,Praha,2021,1901,2,CZ,CZ0,CZ01,Czech Republic,-.184,-.48473,.11673,-.2,.368,-.701
CZ02,Strední Cechy,2021,1902,2,CZ,CZ0,CZ02,Czech Republic,-.416,-.652595,-.179405,-.522,.049,-.729
CZ03,Jihozápad,2021,1903,2,CZ,CZ0,CZ03,Czech Republic,-.446,-.655646,-.236354,-.414,-.217,-.658
CZ04,Severozápad,2021,1904,2,CZ,CZ0,CZ04,Czech Republic,-.747,-.941005,-.552995,-.736,-.536,-.886
CZ05,Severovýchod,2021,1905,2,CZ,CZ0,CZ05,Czech Republic,-.233,-.447679,-.018321,-.217,.099,-.555
CZ06,Jihovýchod,2021,1906,2,CZ,CZ0,CZ06,Czech Republic,-.34,-.5459590000000001,-.134041,-.326,-.115,-.54
CZ07,Strední Morava,2021,1907,2,CZ,CZ0,CZ07,Czech Republic,-.461,-.6781900000000001,-.24381,-.26,-.288,-.784
CZ08,Moravskoslezsko,2021,1908,2,CZ,CZ0,CZ08,Czech Republic,-.555,-.781609,-.328391,-.358,-.316,-.93
DE11,Stuttgart,2021,121,2,DE,DE1,DE11,Germany,.879,.69068,1.06732,1.082,.546,.912
DE12,Karlsruhe,2021,122,2,DE,DE1,DE12,Germany,.947,.750786,1.143214,1.078,.61,1.048
DE13,Freiburg,2021,123,2,DE,DE1,DE13,Germany,.789,.5944390000000001,.983561,.5629999999999999,.946,.771
DE14,Tübingen,2021,124,2,DE,DE1,DE14,Germany,.602,.405305,.7986949999999999,.652,.336,.752
DE21,Oberbayern,2021,131,2,DE,DE2,DE21,Germany,1.029,.8563269999999999,1.201673,1.145,.84,.989
DE22,Niederbayern,2021,132,2,DE,DE2,DE22,Germany,1.193,1.052129,1.333871,1.165,1.216,1.065
DE23,Oberpfalz,2021,133,2,DE,DE2,DE23,Germany,1.093,.935891,1.250109,1.11,.914,1.134
DE24,Oberfranken,2021,134,2,DE,DE2,DE24,Germany,1.09,.9013150000000001,1.278685,.946,.904,1.299
DE25,Mittelfranken,2021,135,2,DE,DE2,DE25,Germany,.843,.68008,1.00592,1.005,.65,.781
DE26,Unterfranken,2021,136,2,DE,DE2,DE26,Germany,1.083,.9276449999999999,1.238355,1.153,.866,1.11
DE27,Schwaben,2021,137,2,DE,DE2,DE27,Germany,1.108,.952447,1.263553,1.155,1.024,1.021
DE30,Berlin,2021,103,2,DE,DE3,DE30,Germany,.173,-.126272,.472272,-.229,.066,.662
DE40,Brandenburg,2021,104,2,DE,DE4,DE40,Germany,.889,.622622,1.155378,.287,1.165,1.116
DE50,Bremen,2021,105,2,DE,DE5,DE50,Germany,.326,-.067395,.719395,-.224,.195,.97
DE60,Hamburg,2021,106,2,DE,DE6,DE60,Germany,.868,.719391,1.016609,1.011,.731,.766
DE71,Darmstadt,2021,141,2,DE,DE7,DE71,Germany,.852,.703732,1.000268,.671,.775,1.015
DE72,Gießen,2021,142,2,DE,DE7,DE72,Germany,.956,.7615219999999999,1.150478,.65,.866,1.247
DE73,Kassel,2021,143,2,DE,DE7,DE73,Germany,.976,.80436,1.14764,.855,.846,1.118
DE80,Niedersachsen,2021,109,2,DE,DE8,DE80,Germany,1.023,.849235,1.196765,.727,1.043,1.187
DE91,Braunschweig,2021,151,2,DE,DE9,DE91,Germany,1.053,.899211,1.206789,.983,.916,1.141
DE92,Hannover,2021,152,2,DE,DE9,DE92,Germany,.821,.607721,1.034279,.6909999999999999,.639,1.04
DE93,Lüneburg,2021,153,2,DE,DE9,DE93,Germany,1.254,1.056245,1.451755,.91,1.335,1.377
DE94,Weser-Ems,2021,154,2,DE,DE9,DE94,Germany,1.038,.8737900000000001,1.20221,.913,.927,1.159
DEA1,Düsseldorf,2021,161,2,DE,DEA,DEA1,Germany,.503,.33607,.66993,.393,.507,.553
DEA2,Köln,2021,162,2,DE,DEA,DEA2,Germany,.728,.515312,.940688,.592,.747,.765
DEA3,Münster,2021,163,2,DE,DEA,DEA3,Germany,1.206,1.047588,1.364412,1.017,1.154,1.314
DEA4,Detmold,2021,164,2,DE,DEA,DEA4,Germany,.951,.7165029999999999,1.185497,.775,.824,1.148
DEA5,Arnsberg,2021,165,2,DE,DEA,DEA5,Germany,.887,.678721,1.095279,.864,.627,1.07
DEB1,Koblenz,2021,171,2,DE,DEB,DEB1,Germany,1.119,.939022,1.298978,1.025,.891,1.318
DEB2,Trier,2021,172,2,DE,DEB,DEB2,Germany,1.282,1.057745,1.506255,.987,1.207,1.51
DEB3,Rheinhessen-Pfalz,2021,173,2,DE,DEB,DEB3,Germany,1.102,.8669880000000001,1.337012,1.02,.79,1.375
DEC0,Saarland,2021,112,2,DE,DEC,DEC0,Germany,.9340000000000001,.7543900000000001,1.11361,.766,.99,.944
DED2,Dresden,2021,181,2,DE,DED,DED2,Germany,.9340000000000001,.724175,1.143825,.819,.677,1.201
DED4,Chemnitz,2021,182,2,DE,DED,DED4,Germany,.887,.682289,1.091711,.673,.6889999999999999,1.2
DED5,Leipzig,2021,183,2,DE,DED,DED5,Germany,.854,.645682,1.062318,.6870000000000001,.625,1.155
DEE0,Sachsen-Anhalt,2021,114,2,DE,DEE,DEE0,Germany,.744,.484113,1.003887,.308,.742,1.1
DEF0,Schleswig-Holstein,2021,115,2,DE,DEF,DEF0,Germany,1.162,.9830109999999999,1.340989,.945,1.247,1.164
DEG0,Thüringen,2021,116,2,DE,DEG,DEG0,Germany,.972,.807874,1.136126,.6860000000000001,1.024,1.098
DK01,Hovedstaden,2021,901,2,DK,DK0,DK01,Denmark,1.149,.948403,1.349597,1.351,1.133,.836
DK02,Sjælland,2021,902,2,DK,DK0,DK02,Denmark,1.094,.8410330000000001,1.346967,.64,1.037,1.483
DK03,Syddanmark,2021,903,2,DK,DK0,DK03,Denmark,1.41,1.259147,1.560853,1.432,1.204,1.437
DK04,Midtjylland,2021,904,2,DK,DK0,DK04,Denmark,1.59,1.490951,1.689049,1.691,1.351,1.551
DK05,Nordjylland,2021,905,2,DK,DK0,DK05,Denmark,1.534,1.394958,1.673042,1.643,1.392,1.396
EE,Estonia,2021,2301,0,EE,,,Estonia,.355,.071228,.638772,.198,.255,.572
EL30,Attiki,2021,2101,2,EL,EL3,EL30,Greece,-1.307,-1.673094,-.940906,-1.056,-1.351,-1.369
EL41,Voreio Aigaio,2021,2102,2,EL,EL4,EL41,Greece,-1.257,-1.67422,-.83978,-.45,-1.386,-1.797
EL42,Notio Aigaio,2021,2103,2,EL,EL4,EL42,Greece,-1.387,-1.8438,-.9302,-.676,-1.336,-1.996
EL43,Kriti,2021,2104,2,EL,EL4,EL43,Greece,-1.323,-1.684492,-.961508,-.611,-1.601,-1.61
EL51,"Anatoliki Makedonia, Thraki",2021,2105,2,EL,EL5,EL51,Greece,-.889,-1.132187,-.645813,-.149,-1.478,-.9419999999999999
EL52,Kentriki Makedonia,2021,2106,2,EL,EL5,EL52,Greece,-1.222,-1.61927,-.82473,-1.189,-1.333,-1.008
EL53,Dytiki Makedonia,2021,2107,2,EL,EL5,EL53,Greece,-1.131,-1.430413,-.8315870000000001,-.879,-1.453,-.9360000000000001
EL54,Ipeiros,2021,2108,2,EL,EL5,EL54,Greece,-.922,-1.278097,-.565903,.23,-1.452,-1.442
EL61,Thessalia,2021,2109,2,EL,EL6,EL61,Greece,-1.172,-1.429879,-.914121,-.452,-1.594,-1.34
EL62,Ionia Nisia,2021,2110,2,EL,EL6,EL62,Greece,-1.555,-2.003938,-1.106062,-1.339,-1.506,-1.648
EL63,Dytiki Ellada,2021,2111,2,EL,EL6,EL63,Greece,-1.6,-1.940281,-1.259719,-.785,-1.86,-1.978
EL64,Sterea Ellada,2021,2112,2,EL,EL6,EL64,Greece,-1.476,-1.832244,-1.119756,-1.293,-1.519,-1.453
EL65,Peloponnisos,2021,2113,2,EL,EL6,EL65,Greece,-1.001,-1.348244,-.6537559999999999,-.499,-1.211,-1.182
ES11,Galicia,2021,501,2,ES,ES1,ES11,Spain,-.432,-.687128,-.176872,-.205,-.48,-.5629999999999999
ES12,Principado de Asturias,2021,502,2,ES,ES1,ES12,Spain,.521,.36711,.67489,.481,.799,.226
ES13,Cantabria,2021,503,2,ES,ES1,ES13,Spain,-.01,-.17259,.15259,.014,.104,-.146
ES21,País Vasco,2021,504,2,ES,ES2,ES21,Spain,.895,.45997,1.33003,1.006,1.146,.434
ES22,Comunidad Foral de Navarra,2021,505,2,ES,ES2,ES22,Spain,.624,.425811,.8221890000000001,.985,.718,.101
ES23,La Rioja,2021,506,2,ES,ES2,ES23,Spain,.758,.472894,1.043106,1.344,.5669999999999999,.279
ES24,Aragón,2021,507,2,ES,ES2,ES24,Spain,-.32,-.560145,-.079855,-.098,-.374,-.452
ES30,Comunidad de Madrid,2021,508,2,ES,ES3,ES30,Spain,-.349,-.725786,.027786,.239,-.583,-.666
ES41,Castilla y León,2021,509,2,ES,ES4,ES41,Spain,-.351,-.586125,-.115875,-.429,-.197,-.39
ES42,Castilla-la Mancha,2021,510,2,ES,ES4,ES42,Spain,.164,-.014171,.342171,.239,.256,-.022
ES43,Extremadura,2021,511,2,ES,ES4,ES43,Spain,.339,.152728,.525272,.477,.421,.082
ES51,Cataluña,2021,512,2,ES,ES5,ES51,Spain,-.837,-1.100745,-.573255,-.612,-.658,-1.147
ES52,Comunitat Valenciana,2021,513,2,ES,ES5,ES52,Spain,.179,-.027425,.385425,.184,.5570000000000001,-.222
ES53,Illes Balears,2021,514,2,ES,ES5,ES53,Spain,.065,-.118039,.248039,-.064,.293,-.042
ES61,Andalucía,2021,515,2,ES,ES6,ES61,Spain,-.675,-.9917530000000001,-.358247,-.5590000000000001,-.706,-.6860000000000001
ES62,Región de Murcia,2021,516,2,ES,ES6,ES62,Spain,-.161,-.307276,-.014724,-.078,.265,-.653
ES70,Canarias,2021,517,2,ES,ES7,ES70,Spain,-.652,-.894348,-.409652,-.342,-.604,-.9370000000000001
FI19,Länsi-Suomi,2021,801,2,FI,FI1,FI19,Finland,1.31,1.103556,1.516444,1.234,1.368,1.184
FI1B,Helsinki-Uusimaa,2021,802,2,FI,FI1,FI1B,Finland,1.514,1.328285,1.699715,1.501,1.422,1.45
FI1C,Etelä-Suomi,2021,803,2,FI,FI1,FI1C,Finland,1.31,1.121902,1.498098,1.217,1.314,1.255
FI1D,Pohjois- ja Itä-Suomi,2021,804,2,FI,FI1,FI1D,Finland,1.508,1.311724,1.704276,1.476,1.48,1.403
FI20,Åland,2021,805,2,FI,FI2,FI20,Finland,2.197,1.930522,2.463478,2.142,2.378,1.828
FR10,Île de France,2021,1801,2,FR,FR1,FR10,France,.002,-.26238,.26638,-.177,.366,-.182
FRB0,Centre - Val de Loire,2021,1802,2,FR,FRB,FRB0,France,.6,.417752,.7822479999999999,.267,.8110000000000001,.655
FRC1,Bourgogne,2021,1803,2,FR,FRC,FRC1,France,.411,.190468,.631532,.25,.412,.525
FRC2,Franche-Comté,2021,1804,2,FR,FRC,FRC2,France,.397,.137054,.656946,.348,.288,.511
FRD1,Basse-Normandie,2021,1805,2,FR,FRD,FRD1,France,.645,.40403,.88597,.6860000000000001,.604,.573
FRD2,Haute-Normandie,2021,1806,2,FR,FRD,FRD2,France,.443,.197622,.688378,.335,.524,.42
FRE1,Nord-Pas-de-Calais,2021,1807,2,FR,FRE,FRE1,France,.284,.01773,.55027,.664,.268,-.11
FRE2,Picardie,2021,1808,2,FR,FRE,FRE2,France,.209,-.020839,.438839,.334,.162,.107
FRF1,Alsace,2021,1809,2,FR,FRF,FRF1,France,.618,.328916,.907084,.855,.477,.454
FRF2,Champagne-Ardenne,2021,1810,2,FR,FRF,FRF2,France,.45,.176591,.723409,.57,.267,.464
FRF3,Lorraine,2021,1811,2,FR,FRF,FRF3,France,.392,.206338,.577662,.362,.476,.294
FRG0,Pays-de-la-Loire,2021,1812,2,FR,FRG,FRG0,France,.722,.5200119999999999,.923988,.602,.772,.713
FRH0,Bretagne,2021,1813,2,FR,FRH,FRH0,France,.873,.618133,1.127867,.922,.72,.882
FRI1,Aquitaine,2021,1814,2,FR,FRI,FRI1,France,.68,.441509,.9184910000000001,.727,.646,.591
FRI2,Limousin,2021,1815,2,FR,FRI,FRI2,France,.586,.34909,.82291,.442,.573,.677
FRI3,Poitou-Charentes,2021,1816,2,FR,FRI,FRI3,France,.598,.381118,.814882,.435,.622,.671
FRJ1,Languedoc-Roussillon,2021,1817,2,FR,FRJ,FRJ1,France,.241,.001244,.480756,.176,.268,.251
FRJ2,Midi-Pyrénées,2021,1818,2,FR,FRJ,FRJ2,France,.584,.325695,.842305,.649,.544,.494
FRK1,Auvergne,2021,1819,2,FR,FRK,FRK1,France,.482,.248604,.7153959999999999,.367,.459,.5669999999999999
FRK2,Rhône-Alpes,2021,1820,2,FR,FRK,FRK2,France,.423,.169645,.676355,.5620000000000001,.417,.243
FRL0,Provence-Alpes-Côte d'Azur,2021,1821,2,FR,FRL,FRL0,France,.323,.107369,.538631,.317,.482,.134
FRM0,Corse,2021,1822,2,FR,FRM,FRM0,France,.206,-.030788,.442788,.388,.486,-.279
FRY1,Guadeloupe,2021,1823,2,FR,FRY,FRY1,France,-.6870000000000001,-1.088993,-.2850070000000001,-1.337,-.421,-.228
FRY2,Martinique,2021,1824,2,FR,FRY,FRY2,France,-.428,-.854561,-.001439,-1.204,-.306,.273
FRY3,Guyane,2021,1825,2,FR,FRY,FRY3,France,-.834,-1.252465,-.415535,-1.784,-.542,-.084
FRY4,La Réunion,2021,1826,2,FR,FRY,FRY4,France,.057,-.28443,.39843,.182,.163,-.181
FRY5,Mayotte,2021,1827,2,FR,FRY,FRY5,France,-1.348,-1.718497,-.977503,-2.524,-.46,-.911
HR03,Jadranska Hrvatska,2021,1601,2,HR,HR0,HR03,Croatia,-.9399999999999999,-1.374772,-.505228,-1.272,-.844,-.599
HR04,Kontinentalna Hrvatska,2021,1602,2,HR,HR0,HR04,Croatia,-1.421,-1.844935,-.9970650000000001,-1.302,-1.319,-1.484
HU11,Budapest,2021,1401,2,HU,HU1,HU11,Hungary,-1.442,-1.966708,-.917292,-1.516,-.868,-1.782
HU12,Pest,2021,1402,2,HU,HU1,HU12,Hungary,-1.023,-1.500565,-.5454349999999999,-1.381,-.52,-1.055
HU21,Közép-Dunántúl,2021,1403,2,HU,HU2,HU21,Hungary,-1.198,-1.595041,-.800959,-1.598,-.863,-1.002
HU22,Nyugat-Dunántúl,2021,1404,2,HU,HU2,HU22,Hungary,-1.248,-1.662276,-.833724,-1.396,-1.033,-1.177
HU23,Dél-Dunántúl,2021,1405,2,HU,HU2,HU23,Hungary,-1.147,-1.510665,-.783335,-1.362,-.996,-.954
HU31,Észak-Magyarország,2021,1406,2,HU,HU3,HU31,Hungary,-1.67,-2.119592,-1.220408,-2.054,-1.216,-1.555
HU32,Észak-Alföld,2021,1407,2,HU,HU3,HU32,Hungary,-1.618,-1.991087,-1.244913,-1.514,-1.505,-1.656
HU33,Dél-Alföld,2021,1408,2,HU,HU3,HU33,Hungary,-1.139,-1.564209,-.7137910000000001,-1.29,-.774,-1.227
IE04,Northern and Western,2021,1001,2,IE,IE0,IE04,Ireland,.409,.152391,.6656089999999999,.336,.5590000000000001,.285
IE05,Southern,2021,1002,2,IE,IE0,IE05,Ireland,.753,.487612,1.018388,.678,.629,.87
IE06,Eastern and Midland,2021,1003,2,IE,IE0,IE06,Ireland,.29,.071086,.508914,.327,.237,.272
ITC1,Piemonte,2021,301,2,IT,ITC,ITC1,Italy,-.64,-.8045060000000001,-.475494,-.36,-.9429999999999999,-.547
ITC2,Valle d’Aosta,2021,302,2,IT,ITC,ITC2,Italy,-.649,-.8684730000000001,-.429527,-.073,-.902,-.9
ITC3,Liguria,2021,303,2,IT,ITC,ITC3,Italy,-.757,-.955282,-.558718,-.611,-.947,-.629
ITC4,Lombardia,2021,204,2,IT,ITC,ITC4,Italy,-.944,-1.138516,-.7494839999999999,-.336,-1.356,-1.035
ITF1,Abruzzo,2021,314,2,IT,ITF,ITF1,Italy,-1.257,-1.396911,-1.117089,-1.152,-1.395,-1.084
ITF2,Molise,2021,315,2,IT,ITF,ITF2,Italy,-1.358,-1.531955,-1.184045,-1.469,-1.398,-1.057
ITF3,Campania,2021,316,2,IT,ITF,ITF3,Italy,-2.057,-2.288609,-1.825391,-2.252,-1.714,-1.978
ITF4,Puglia,2021,317,2,IT,ITF,ITF4,Italy,-1.479,-1.605459,-1.352541,-1.5,-1.56,-1.213
ITF5,Basilicata,2021,318,2,IT,ITF,ITF5,Italy,-1.577,-1.776005,-1.377995,-1.474,-1.802,-1.279
ITF6,Calabria,2021,319,2,IT,ITF,ITF6,Italy,-2.174,-2.309345,-2.038655,-2.255,-2.325,-1.702
ITG1,Sicilia,2021,320,2,IT,ITG,ITG1,Italy,-1.51,-1.720734,-1.299266,-1.239,-1.661,-1.462
ITG2,Sardegna,2021,321,2,IT,ITG,ITG2,Italy,-1.384,-1.587614,-1.180386,-1.307,-1.708,-.984
ITH1,Bolzano/Bozen,2021,305,2,IT,ITH,ITH1,Italy,-.344,-.568122,-.119878,.245,-.725,-.515
ITH2,Trento,2021,306,2,IT,ITH,ITH2,Italy,-.114,-.340663,.112663,.577,-.445,-.461
ITH3,Veneto,2021,307,2,IT,ITH,ITH3,Italy,-.267,-.606896,.072896,.33,-.758,-.345
ITH4,Friuli-Venezia Giulia,2021,308,2,IT,ITH,ITH4,Italy,-.19,-.51908,.13908,.27,-.531,-.288
ITH5,Emilia-Romagna,2021,309,2,IT,ITH,ITH5,Italy,-.501,-.820713,-.181287,.263,-1.028,-.681
ITI1,Toscana,2021,310,2,IT,ITI,ITI1,Italy,-.475,-.770783,-.179217,-.053,-.731,-.588
ITI2,Umbria,2021,311,2,IT,ITI,ITI2,Italy,-.872,-1.351206,-.392794,-.436,-1.267,-.8169999999999999
ITI3,Marche,2021,312,2,IT,ITI,ITI3,Italy,-.882,-1.17298,-.59102,-.727,-1.109,-.713
ITI4,Lazio,2021,313,2,IT,ITI,ITI4,Italy,-1.351,-1.612444,-1.089556,-1.232,-1.383,-1.289
LT01,Sostines regionas,2021,2501,2,LT,LT0,LT01,Lithuania,-.093,-.444333,.258333,-.06,.063,-.273
LT02,Vidurio ir vakaru Lietuvos regionas,2021,2502,2,LT,LT0,LT02,Lithuania,-.344,-.7507509999999999,.062751,-.162,-.236,-.595
LU,Luxembourg,2021,2201,0,LU,,,Luxembourg,1.159,.977631,1.340369,1.031,1.044,1.275
LV,Latvia,2021,2401,0,LV,,,Latvia,-.434,-.628986,-.239014,-.35,-.168,-.736
MT,Malta,2021,2701,0,MT,,,Malta,-.528,-1.062662,.0066619999999999,-.225,-.261,-1.039
NL11,Groningen,2021,1301,2,NL,NL1,NL11,Netherlands,1.23,.9332659999999999,1.526734,1.275,1.313,.966
NL12,Friesland (NL),2021,1302,2,NL,NL1,NL12,Netherlands,1.541,1.342381,1.739619,1.487,1.392,1.575
NL13,Drenthe,2021,1303,2,NL,NL1,NL13,Netherlands,1.427,1.209861,1.644139,1.228,1.489,1.407
NL21,Overijssel,2021,1304,2,NL,NL2,NL21,Netherlands,1.364,1.174006,1.553994,1.272,1.235,1.434
NL22,Gelderland,2021,1305,2,NL,NL2,NL22,Netherlands,1.494,1.282146,1.705854,1.398,1.467,1.451
NL23,Flevoland,2021,1306,2,NL,NL2,NL23,Netherlands,1.094,.9060800000000001,1.28192,.924,1.038,1.199
NL31,Utrecht,2021,1307,2,NL,NL3,NL31,Netherlands,1.033,.74393,1.32207,1.043,1.131,.8110000000000001
NL32,Noord-Holland,2021,1308,2,NL,NL3,NL32,Netherlands,.894,.6074390000000001,1.180561,1.158,.793,.631
NL33,Zuid-Holland,2021,1309,2,NL,NL3,NL33,Netherlands,1.137,.908116,1.365884,1.136,.954,1.195
NL34,Zeeland,2021,1310,2,NL,NL3,NL34,Netherlands,1.122,.8249850000000001,1.419015,.956,1.313,.972
NL41,Noord-Brabant,2021,1311,2,NL,NL4,NL41,Netherlands,1.207,.992079,1.421921,1.279,.992,1.215
NL42,Limburg (NL),2021,1312,2,NL,NL4,NL42,Netherlands,1.197,1.014582,1.379418,1.179,.954,1.324
PL21,Malopolskie,2021,601,2,PL,PL2,PL21,Poland,-.839,-1.063278,-.614722,-.603,-1.05,-.771
PL22,Slaskie,2021,602,2,PL,PL2,PL22,Poland,-.68,-.930391,-.4296090000000001,-.702,-.874,-.389
PL41,Wielkopolskie,2021,603,2,PL,PL4,PL41,Poland,-.707,-.952718,-.461282,-.5659999999999999,-1.008,-.468
PL42,Zachodniopomorskie,2021,604,2,PL,PL4,PL42,Poland,-1.025,-1.298039,-.7519609999999999,-1.258,-1.11,-.593
PL43,Lubuskie,2021,605,2,PL,PL4,PL43,Poland,-.681,-.956968,-.4050320000000001,-.729,-.889,-.35
PL51,Dolnoslaskie,2021,606,2,PL,PL5,PL51,Poland,-.894,-1.125605,-.6623950000000001,-.803,-.857,-.924
PL52,Opolskie,2021,607,2,PL,PL5,PL52,Poland,-.457,-.750274,-.163726,-.794,-.442,-.086
PL61,Kujawsko-Pomorskie,2021,608,2,PL,PL6,PL61,Poland,-.8139999999999999,-1.02702,-.60098,-.85,-.841,-.661
PL62,Warminsko-Mazurskie,2021,609,2,PL,PL6,PL62,Poland,-.9419999999999999,-1.191169,-.692831,-1.055,-1.038,-.629
PL63,Pomorskie,2021,610,2,PL,PL6,PL63,Poland,-.617,-.962886,-.271114,-.865,-.956,.038
PL71,Lódzkie,2021,611,2,PL,PL7,PL71,Poland,-.982,-1.191332,-.772668,-1.085,-.918,-.834
PL72,Swietokrzyskie,2021,612,2,PL,PL7,PL72,Poland,-.916,-1.160143,-.671857,-.9389999999999999,-1.116,-.593
PL81,Lubelskie,2021,613,2,PL,PL8,PL81,Poland,-1.236,-1.524496,-.947504,-1.215,-1.624,-.732
PL82,Podkarpackie,2021,614,2,PL,PL8,PL82,Poland,-.84,-1.086288,-.593712,-.953,-.959,-.514
PL84,Podlaskie,2021,615,2,PL,PL8,PL84,Poland,-1.011,-1.240591,-.7814089999999999,-.872,-1.239,-.8110000000000001
PL91,Warszawski stoleczny,2021,616,2,PL,PL9,PL91,Poland,-1.379,-1.792413,-.965587,-1.711,-1.489,-.782
PL92,Mazowiecki regionalny,2021,619,2,PL,PL9,PL92,Poland,-.877,-1.102463,-.651537,-.841,-1.046,-.646
PT11,Norte,2021,2001,2,PT,PT1,PT11,Portugal,-.089,-.523043,.345043,.53,-.026,-.761
PT15,Algarve,2021,2002,2,PT,PT1,PT15,Portugal,-.203,-.5138659999999999,.107866,-.246,.051,-.391
PT16,Centro (PT),2021,2003,2,PT,PT1,PT16,Portugal,.042,-.302211,.386211,.318,.023,-.22
PT17,Área Metropolitana de Lisboa,2021,2004,2,PT,PT1,PT17,Portugal,.016,-.297213,.329213,-.175,.208,.013
PT18,Alentejo,2021,2005,2,PT,PT1,PT18,Portugal,-.177,-.48516,.13116,-.058,-.061,-.394
PT20,Região Autónoma dos Açores,2021,2006,2,PT,PT2,PT20,Portugal,-.135,-.401177,.131177,.329,-.13,-.59
PT30,Região Autónoma da Madeira,2021,2007,2,PT,PT3,PT30,Portugal,-.34,-.7131400000000001,.03314,.421,-.533,-.87
RO11,Nord-Vest,2021,201,2,RO,RO1,RO11,Romania,-1.545,-1.885007,-1.204993,-1.616,-1.449,-1.399
RO12,Centru,2021,202,2,RO,RO1,RO12,Romania,-.95,-1.227606,-.6723939999999999,-1.514,-.541,-.6889999999999999
RO21,Nord-Est,2021,203,2,RO,RO2,RO21,Romania,-1.889,-2.277673,-1.500327,-2.06,-1.411,-1.987
RO22,Sud-Est,2021,204,2,RO,RO2,RO22,Romania,-1.762,-2.105236,-1.418764,-2.472,-1.011,-1.608
RO31,Sud - Muntenia,2021,205,2,RO,RO3,RO31,Romania,-1.543,-1.824004,-1.261996,-2.05,-1.093,-1.316
RO32,Bucuresti - Ilfov,2021,206,2,RO,RO3,RO32,Romania,-2.313,-2.689938,-1.936062,-2.505,-1.863,-2.315
RO41,Sud-Vest Oltenia,2021,207,2,RO,RO4,RO41,Romania,-1.582,-1.892279,-1.271721,-2.259,-.914,-1.397
RO42,Vest,2021,208,2,RO,RO4,RO42,Romania,-1.317,-1.599917,-1.034083,-1.852,-.9419999999999999,-1.011
SE11,Stockholm,2021,701,2,SE,SE1,SE11,Sweden,1.34,1.082032,1.597968,1.335,1.239,1.296
SE12,Östra Mellansverige,2021,702,2,SE,SE1,SE12,Sweden,1.245,.967249,1.522751,1.319,1.074,1.205
SE21,Småland med öarna,2021,703,2,SE,SE2,SE21,Sweden,1.532,1.273295,1.790705,1.522,1.485,1.418
SE22,Sydsverige,2021,704,2,SE,SE2,SE22,Sweden,1.248,1.014859,1.481141,1.278,1.208,1.12
SE23,Västsverige,2021,705,2,SE,SE2,SE23,Sweden,1.318,1.063033,1.572967,1.188,1.221,1.398
SE31,Norra Mellansverige,2021,706,2,SE,SE3,SE31,Sweden,1.191,.8786020000000001,1.503398,.917,1.191,1.333
SE32,Mellersta Norrland,2021,707,2,SE,SE3,SE32,Sweden,1.099,.8499559999999999,1.348044,.993,1.345,.837
SE33,Övre Norrland,2021,708,2,SE,SE3,SE33,Sweden,1.51,1.265897,1.754103,1.477,1.328,1.559
SI03,Vzhodna Slovenija,2021,2601,2,SI,SI0,SI03,Slovenia,-.354,-.6196200000000001,-.08838,-.168,-.452,-.401
SI04,Zahodna Slovenija,2021,2602,2,SI,SI0,SI04,Slovenia,.171,-.11612,.45812,-.028,.518,.004
SK01,Bratislavský kraj,2021,1501,2,SK,SK0,SK01,Slovakia,-1.047,-1.335692,-.758308,-1.23,-.8169999999999999,-.978
SK02,Západné Slovensko,2021,1502,2,SK,SK0,SK02,Slovakia,-.736,-.9418879999999999,-.530112,-.439,-.834,-.853
SK03,Stredné Slovensko,2021,1503,2,SK,SK0,SK03,Slovakia,-.695,-.9319769999999999,-.458023,-.589,-.67,-.749
SK04,Východné Slovensko,2021,1504,2,SK,SK0,SK04,Slovakia,-.985,-1.177083,-.792917,-.625,-1.07,-1.151
